{
  "id": "/subscriptions/50358870-3e75-498e-af26-88dc8bf784ae/resourceGroups/mental/providers/Microsoft.Resources/deployments/CreateAzureBot_dx-20211025103928",
  "name": "CreateAzureBot_dx-20211025103928",
  "type": "Microsoft.Resources/deployments",
  "tags": {
    "primaryResourceId": "/subscriptions/50358870-3e75-498e-af26-88dc8bf784ae/resourceGroups/mental/providers/Microsoft.BotService/botServices/mood11",
    "marketplaceItemId": ""
  },
  "properties": {
    "templateHash": "1404426308838424523",
    "parameters": {
      "botId": {
        "type": "String",
        "value": "mood11"
      },
      "sku": {
        "type": "String",
        "value": "S1"
      },
      "appType": {
        "type": "String",
        "value": "MultiTenant"
      },
      "msAppId": {
        "type": "String",
        "value": "90db031f-7e47-432a-be44-ed1694e443f9"
      },
      "msAppPassword": {
        "type": "String",
        "value": "vRmCdmA4xyJ_xq@xID!YGL:.k"
      },
      "tenantId": {
        "type": "String",
        "value": ""
      },
      "msiResourceId": {
        "type": "String",
        "value": ""
      },
      "displayName": {
        "type": "String",
        "value": ""
      },
      "resourceTags": {
        "type": "Object",
        "value": {}
      }
    },
    "mode": "Incremental",
    "debugSetting": {
      "detailLevel": "None"
    },
    "provisioningState": "Running",
    "timestamp": "2021-10-25T02:41:43.8564246Z",
    "duration": "PT9.3929532S",
    "correlationId": "09a9a872-a3ac-4a39-8416-ef9c109ad20c",
    "providers": [
      {
        "namespace": "Microsoft.KeyVault",
        "resourceTypes": [
          {
            "resourceType": "vaults",
            "locations": [
              "southcentralus"
            ]
          },
          {
            "resourceType": "vaults/secrets",
            "locations": [
              null
            ]
          },
          {
            "resourceType": "vaults/secrets/providers/links",
            "locations": [
              "southcentralus"
            ]
          }
        ]
      },
      {
        "namespace": "Microsoft.BotService",
        "resourceTypes": [
          {
            "resourceType": "botServices",
            "locations": [
              "global"
            ]
          }
        ]
      }
    ],
    "dependencies": [
      {
        "dependsOn": [
          {
            "id": "/subscriptions/50358870-3e75-498e-af26-88dc8bf784ae/resourceGroups/mental/providers/Microsoft.KeyVault/vaults/bot-secrets-eyqt3l",
            "resourceType": "Microsoft.KeyVault/vaults",
            "resourceName": "bot-secrets-eyqt3l"
          }
        ],
        "id": "/subscriptions/50358870-3e75-498e-af26-88dc8bf784ae/resourceGroups/mental/providers/Microsoft.KeyVault/vaults/bot-secrets-eyqt3l/secrets/bot-mood11-pwd-odsfnr",
        "resourceType": "Microsoft.KeyVault/vaults/secrets",
        "resourceName": "bot-secrets-eyqt3l/bot-mood11-pwd-odsfnr"
      },
      {
        "dependsOn": [
          {
            "id": "/subscriptions/50358870-3e75-498e-af26-88dc8bf784ae/resourceGroups/mental/providers/Microsoft.ManagedIdentity/userAssignedIdentities/mood11",
            "resourceType": "Microsoft.ManagedIdentity/userAssignedIdentities",
            "resourceName": "mood11"
          }
        ],
        "id": "/subscriptions/50358870-3e75-498e-af26-88dc8bf784ae/resourceGroups/mental/providers/Microsoft.BotService/botServices/mood11",
        "resourceType": "Microsoft.BotService/botServices",
        "resourceName": "mood11"
      },
      {
        "dependsOn": [
          {
            "id": "/subscriptions/50358870-3e75-498e-af26-88dc8bf784ae/resourceGroups/mental/providers/Microsoft.KeyVault/vaults/bot-secrets-eyqt3l",
            "resourceType": "Microsoft.KeyVault/vaults",
            "resourceName": "bot-secrets-eyqt3l"
          },
          {
            "id": "/subscriptions/50358870-3e75-498e-af26-88dc8bf784ae/resourceGroups/mental/providers/Microsoft.ManagedIdentity/userAssignedIdentities/mood11",
            "resourceType": "Microsoft.ManagedIdentity/userAssignedIdentities",
            "resourceName": "mood11"
          },
          {
            "id": "/subscriptions/50358870-3e75-498e-af26-88dc8bf784ae/resourceGroups/mental/providers/Microsoft.BotService/botServices/mood11",
            "resourceType": "Microsoft.BotService/botServices",
            "resourceName": "mood11"
          }
        ],
        "id": "/subscriptions/50358870-3e75-498e-af26-88dc8bf784ae/resourceGroups/mental/providers/Microsoft.KeyVault/vaults/bot-secrets-eyqt3l/secrets/bot-mood11-pwd-odsfnr/providers/Microsoft.Resources/links/provisioned-for",
        "resourceType": "Microsoft.KeyVault/vaults/secrets/providers/links",
        "resourceName": "bot-secrets-eyqt3l/bot-mood11-pwd-odsfnr/Microsoft.Resources/provisioned-for"
      }
    ],
    "validationLevel": "Template"
  }
}